Manufactor,Year,Model,Hand,Gear,capacity_Engine,Engine_type,Prev_ownership,Curr_ownership,Area,City,Price,Pic_num,Cre_date,Repub_date,Description,Color,Km,Test
מרצדס,2008, C-Class,4,אוטומטית,2000,דיזל,מונית,פרטית,באר שבע והסביבה,באר שבע,14000.0,3,2024-05-28,2024-06-04,"רכב חסכוני ומפנק,מנוע דיזל 200 סמק,יש בעיה קטנה בגיר,צריך להחליף חיישן.מנוע נעובד כמו שעון.אפשרות להחלפה.בהזדמנות.צמיגים כמעט חדש",תכלת,460,
מרצדס,2012, C-Class,7,אוטומטית,1800,בנזין,פרטית,פרטית,גליל ועמקים,ראש פינה,50000.0,4,2024-05-27,2024-06-04,"רכב במצב מעולה דגם ספורט ברישיון מנוע 1800 טורבו בנזין גיר 7 הילוכים 
חזק חסכוני סלון עור חלון גג הרכב מושחר ומונמך אחרי טיפול ופלגים",שחור,176000,
מרצדס,2009, C-Class,10,אוטומטית,2100,דיזל,מונית,פרטית,קריות,רכסים,1.0,4,2024-04-25,2024-06-04,"לפירוק או לחלקים לפי דרישה .
רכב תקין אחר תאונה והורד מהכביש.לא בשבת.",לבן פנינה,700000,
מרצדס,2010, S-Class,6,טיפטרוניק,3500,בנזין,פרטית,פרטית,פתח תקוה והסביבה,פתח תקווה,71000.0,9,2024-03-03,2024-06-05,מושבי עור שחור חשמלי כולל חימום קירור וזיכרון וילונות חשמלי כולל שילטה למושבים מאחור תא מטען חשמלי חלון בגג סנ רוף חיישנים מצלמות מערכת אולפן קאר פליי בקרה סטייה מנתיב פנסי LED מפתח חכם קילס תאורות אווירה ראיית לילה מצלמות מסכים מולטימדיה טלפון דגם לונג AMG אפשרות החלפה,שחור,270000,
מרצדס,2018, C-Class קופה,3,אוטומטית,2000,בנזין,פרטית,פרטית,כרמיאל והסביבה,כרמיאל,215000.0,8,2024-04-30,2024-04-30,"מרצדס c300 coupe 2018
צבע יחיד במינו, רכב נדיר!
רכב מסובב ראשים, בין הרכבים השמורים ביותר שיש, מתחייב על כל הבדיקה. כיסאות עור שמפניה יוקרתיים, ומלא מלא פינוקים. הוחלף צמיגי לפני שבוע צמיגי מישלן ראנפלט ב 5 אלף שקל. טסט לשנה שלמה עד אפריל 25

• יד 03
• 90,000 ק״מ
•245 כוח סוס 
•מנוע 2000 טורבו
•ללא תאונות, מכות, שריטות
•עבר טיפולים בזמן

גמיש טיפה לרציניים במעמד המכירה",כסוף,93000,328
מרצדס,2001, S-Class,10,אוטומטית,5000,בנזין,פרטית,פרטית,חיפה וחוף הכרמל,אום אל פחם,25000.0,4,2023-06-07,2024-02-11,"רכב שמור פרטים בטלפון לרצנים בלבד
המחיר סופי",זהב,,
מרצדס,2022, S-Class,1,אוטומטית,3000,בנזין,פרטית,פרטית,באר שבע והסביבה,קרית גת,920000.0,4,2024-01-20,2024-01-21,"מרצדס-בנץ S-class
4X4 Plat Plus S 500 אוט׳ בנזין 3.0 (435 כ״ס) 
אוטו שמור בקנאות.
נהג יחיד, הרכב ללא שריטות.
חונה בחנייה מקורה.
לרציניים בלבד!!",כסוף,40000,239
מרצדס,2018, CLA,3,אוטומטית,1600,בנזין,פרטית,פרטית,נס ציונה - רחובות,נס ציונה,146000.0,3,2023-06-02,2023-12-03,"מרצדס cla דגם אורבן הכי מפואר ומבוקש,
עשתה עכשיו טיפול גדול+ מצברים חדשים , מטופלת ספר טיפולים , יד 02.
טסט ארוך 4 צמיגי רנפלט חדשים.
ללא תאונות וללא עבר ביטוחי!!
רכב חלומי מהמם",שחור,92000,
מרצדס,2009, S-Class,2,אוטומטית,3500,בנזין,פרטית,פרטית,חיפה וחוף הכרמל,אום אל פחם,100000.0,6,2023-09-24,2023-10-13,"טסט 10/2024 רכב שמור מטופל רק בחברת מרצדס יבוא אישי רכב מדגם LONGE הארוך .גוף חיצוני שנת 2010 . חלון גג נפתח . מנורות LED חלונות וגם חלון אחורי עם ווילון אלקטרוני וחשוב שכל הדלתות עם נעילה וואקום .וכל הגוף החיצוני של שנת 2010 החדש.
גובה הרכב משתנה חשמלי . עם ABS. כל מזגנים עובדים . וכל החשמל ברכב עובד.4 בוכנות גז למרצדס . גובה רכב משתנה אוטומטי לפי הכביש",אפור מטאלי,256000,
מרצדס,2009, E-Class,5,אוטומטית,3000,בנזין,פרטית,פרטית,טבריה והסביבה,מגאר,55000.0,4,2023-09-12,2023-09-12,רכב טוב ויפה מטופל,אפור,190000,
מרצדס,2004, S-Class,2,אוטומטית,5500,בנזין,פרטית,פרטית,תל אביב,תל אביב יפו,55000.0,8,2023-09-12,2023-09-12,"מרצדס דגם S 600 maybach full luxury במצב מכני טוב מאוד, בכיסאות אפשרויות של חימום-קירור, הנעה קדימה-אחורה עם שולחנות נפתחים מאחור, עם מסכי טלוויזיה, חיבור אינטרנט, קו טלפון עם שני מכשירים, בר קירור, מזגן מפוצל, ראדאר משטרה, הגה מתכוונן לכל הכיוונים, דלתות וואקום ועוד פונקציות, אין סטאנרט, הכל מיוחד באוטו.",אפור מטאלי,175000,116
מרצדס,2014, S-Class,2,אוטומטית,3000,דיזל,פרטית,פרטית,אשדוד - אשקלון,אשדוד,220000.0,7,2023-09-02,2023-09-02,"מרצדס s350 טורבו דיזל
הכי מפוארת שיש בשוק 
ייבוא אישי, קיט amg מושבים מתכוננים ועוד המון תוספות",לבן פנינה,140000,147
מרצדס,2011, CLS,4,אוטומטית,5500,בנזין,פרטית,פרטית,"ראשל""צ והסביבה",ראשון לציון,150000.0,8,2023-08-02,2023-08-08,"מרצדס CLS, בצבע חום, יד רביעית, 195000 קילומטרים, אפשרות החלפה לרכב היברידי או חשמלי",זהב,198000,
מרצדס,2013, S-Class קופה,4,אוטומטית,1800,בנזין,פרטית,פרטית,פרדס חנה - כרכור,חריש,100000.0,6,2023-07-26,2023-07-26,צבע פנינה מצב מכני תקין,שמפניה,214000,
מרצדס,2017, E-Class,1,אוטומטית,2000,בנזין,פרטית,פרטית,ירושלים והסביבה,ירושלים,220000.0,12,2023-07-03,2023-07-03,יד ראשונה פרטית. קילומטראז׳ נמוך. ללא תאונות מטופל רק בחברה. כמו חדש,כסוף מטאלי,95000,
מרצדס,1999, CLK,6,אוטומטית,3200,בנזין,פרטית,פרטית,חיפה וחוף הכרמל,אום אל פחם,30000.0,3,2023-06-08,2023-06-08,רכב במצב טוב למבני עניין מחיר סופי,כסוף מטאלי,270000,
מרצדס,2006, C-Class קופה,4,אוטומטית,2000,בנזין,פרטית,פרטית,תל אביב,תל אביב יפו,29000.0,9,2023-03-20,2023-06-04,"רכב שמור מאוד,
אצלי משנת 2015 
תמיד טופל במוסך מורשה
מנוע מאוד חזק",כסף מטלי,155000,
מרצדס,2018, E-Class קופה / קבריולט,3,אוטומטית,2000,בנזין,פרטית,פרטית,גליל ועמקים,נצרת,280000.0,6,2023-06-03,2023-06-03,"רכב נקי ללא תאונות ללא שריתות עם כל התוספות AMG עם ציפוי נאנו 5 שכבות , לרציניים בלבד",אפור מטאלי,82000,
מרצדס,2017, A-Class,2,אוטומטית,2000,בנזין,פרטית,פרטית,כרמיאל והסביבה,כרמיאל,165000.0,7,2023-05-31,2023-05-31,"211 כוח סוס
A250 FL AMG
רכב שמור ומטופל בזמן
קיט AMG מהחברה 
דפיוזר של A45
גנטים AMG מקורים בשווי 10 אלף
כסאות עור מושב חשמלי 12 צבע ליד מצלימת ריוורס
חניה אוטומטית
טסט לשנה 
לפרטים נוספים נא לצור קשר",לבן,114500,
מרצדס,2008, C-Class,8,אוטומטית,1800,בנזין,פרטית,פרטית,קיסריה והסביבה,אור עקיבא,43000.0,2,2023-03-29,2023-05-17,"c200 1800 בנזין אטוונגר, הנעה אחורית 184 כ״ס, מערכת אנדרוינד מפוארת עם מצלמה קדמית dvr!! גריל יהלומים, גנטים של Amg כל הרכב קרבון במפנים",שחור,333000,
מרצדס,2011, C-Class,8,אוטומטית,2200,דיזל,מונית,פרטית,עכו - נהריה,נהריה,35000.0,8,2023-03-14,2023-04-04,שמור מאוד ומטופל כל 10א עם שמנים ופילטרים איכותיים ותוספי שמן לאקסטרה שמירה על המנוע הדגם המיוחד והמבוקש עם פנים בצבע קרם כסאות מעור ניהול תוכנה אצל ריפלש טים הרכב עומד על 200 כס ו46 קגמ פחות מ7 שניות ל100 חסכוני מאוד נעשה גם טיפול שמנים ואטם לגיר הכל עובד כמו שעון וגם מתחייב על זה גאנטים 18 של amg עם צמיגים בני שנה מאושרים ברישיון טסט ארוך נוזל קירור וטרמוסטט חדש מגבים חדשים אפשרות החלפה,לבן,474000,
מרצדס,2017, C-Class קופה,3,אוטומטית,2000,בנזין,פרטית,פרטית,גליל ועמקים,שפרעם,238000.0,10,2023-03-27,2023-03-27,"רכב נדיר ושמור מטופל בחברה,נסע 83,000ק״מ , 03 ברשיון, ללא תאונות מתחייב על גיר מנוע ושילדה אחרי פינוק עם ננו פוליש ווקס לרצינים בלבד.",שחור,83000,
מרצדס,2021, CLA,1,אוטומטית,1300,בנזין,פרטית,פרטית,ירושלים והסביבה,ירושלים,263000.0,3,2023-03-04,2023-03-04,"מציאה במצב תצוגה ללא שריטה. קילומטרג' נמוך מאוד. ים תוספות בהזמנה אישית מהיצרן .חיבור אפל קאר וסמסונג אלחוטי. גריל gt, גג פנורמי , מצלמת נסיעה (דרך) יחודית מקורית. דגם פרוגרסיב + עם כל התוספות האפשריות. לאחר טיפול במוסך מרכזי. טסט לשנה. נמכר עקב חוסר בשימוש. גמישות במחיר לרציניים בלבד!!
לפרטים: 052-2592105 לא בשבת!!",שחור,11000,
מרצדס,2014, E-Class קופה / קבריולט,2,אוטומטית,2000,בנזין,פרטית,פרטית,גליל ועמקים,ריינה,130000.0,4,2023-03-04,2023-03-03,"שנה 2014!!
יד 02 פרטית !!!
נפח 2000 טורבו !!!
נסע רק 135 קיימ .!!
רכב חדש שמור מטופל כמו שצריך מכול הלב כול התוספות מתחייב בבדיקה גיר מנוע ו שלדה !!
גג פנורמי !!
לעוד פרטים בפרטי .
טל 0534549239.",אפור מטאלי,139000,
מרצדס,2017, E-Class,1,אוטומטית,2000,בנזין,פרטית,פרטית,תל אביב,תל אביב יפו,272000.0,5,2023-02-09,2023-02-20,"רכב במצב חדש! נקנה מהחברה נהג יחיד מבוגר בקושי נסע חניה מקורה ללא תאונות. 
טופל במוסך מרכזי שמור בקנאות.
דגם אקסלוסיב כל התוספות הגרסה המנועית בנזין בלבד -המוצלחת 245 כ""ס.

לרציניים בלבד, לא בשבת.
כל הקודם זוכה.",שחור,27000,
מרצדס,2010, E-Class קופה / קבריולט,3,אוטומטית,3500,בנזין,פרטית,פרטית,nan,סח'נין,85000.0,4,2022-12-17,2023-02-19,"e350coupe
רכב עם 130000 ק״מ
מנוע 3500 כ״ס 306",שחור,130000,
מרצדס,2019, S-Class,1,אוטומטית,3000,היבריד,פרטית,פרטית,חיפה וחוף הכרמל,אום אל פחם,560000.0,4,2023-01-23,2023-01-23,רכש שמור מאוד. כחדש!!,לבן,71000,
מרצדס,2021, GLA,2,אוטומטית,1332,בנזין,,,nan,עין קנייא,,1,2022-10-31,2022-10-31,"מרצדס A250e , עליה לכביש 10/22, שמור כחדש, טיפולים בחברה, מנוע בנזין וחשמל, חיסכוני במיוחד, למכירה עקב קבלת רכב מעבודה &lt;br/&gt;&lt;br/&gt;פירוט:&lt;br/&gt; חישוקי מגניזיום, 7 כריות אויר , מאובזר ומפנק",nan,22000,
מרצדס,2007, C-CLASS,2,אוטומטית,2500,בנזין,,,גליל ועמקים,נצרת,,1,2022-10-29,2022-10-29,רכב מקורי לחלוטין &lt;br/&gt;&lt;br/&gt;פירוט:&lt;br/&gt; גימור amg,nan,,
מרצדס,2009, 600,2,אוטומטית,646,דיזל,,,פתח תקוה והסביבה,פתח תקווה,30000.0,1,2022-10-26,2022-10-26,רכב שמור מטופל בחברה בלבד,nan,360000,
מרצדס,2016, 500,2,אוטומטית,3000,בנזין,,,חיפה וחוף הכרמל,חיפה,350000.0,1,2022-10-20,2022-10-20,רכב שמור בקנאות כחדש,nan,180000,
מרצדס,2008, 350,6,אוטומטית,3500,בנזין,,,גליל ועמקים,נצרת,63000.0,1,2022-10-19,2022-10-19,"יבואי אישי..רכב מפואר מאד …גג פוראמי , כיסאות עור חשמליים עם זיכרון במושבים עם מיזוג , סקאלה דיגיטלית מולטימדיה מקורית, מזגן מפוצל ועוד המון. וחצאיות חלונות שחורים בכל האוטו. רכב שמור בלי תאונות ..",nan,330000,
מרצדס,2014, C-Class קופה,4,אוטומטית,1600,בנזין,פרטית,פרטית,כרמיאל והסביבה,כרמיאל,120000.0,5,2022-10-16,2022-10-16,"רכב שמור ממש יפה ומושקע גג נפתח כל הגג זכוכית מסך מולטימדיה איכותי ברמה גבוה 
רכב חסכוני 1600 דבל טורבו
עשה 90000 ק""מ 
סיבת מכירה : קבלת רכב מהעבודה 
טלפון :0546103331",לבן,90000,
מרצדס,2016, E- CLASS,1,אוטומטית,2000,בנזין,,,nan,טמרה,190000.0,1,2022-10-16,2022-10-16,"רכב נדיר , צבע מקורי ,ללא תאונות , דגם מפואר , מטופלת בזמן , בולמים גז &lt;br/&gt;&lt;br/&gt;פירוט:&lt;br/&gt; גנט amg 18 שחור 
גריל בראבוס , הגריל המקורי שמור
צנרת עם שלט 
השחרת ניקלים
וו גרירה",nan,130000,
מרצדס,1991, SL,1,אוטומטית,5000,בנזין,אחר,אחר,רעננה - כפר סבא,כפר סבא,111000.0,12,2022-06-30,2022-10-13,"***קלאסיקה*** במצב נדיר***
68.100 מייל מקורי***יד שניה**ללא תאונות או תיקוני צבע, ***מטופלת ושמורה***
מגיע עם גג קשיח ורך,
פנים והחוץ של הרכב ניראה כמעט חדש, 
מנוע: כ""ס 5.0L 8-Cylinder Gas***322 
גיר: 4-Speed Automatic 
אנו פועלים עם 
רישיון יבואן מקביל , וכן רישיון תיווך יבוא אישי מטעם משרד התחבורה, כ""כ חתימת הסכם 
""כולל בדיקה מקיפה, מכנית, וויזואלית ע""י חברה חיצונית מתמחה, וקבלת דו""ח מפורט ותמונות מצורפות.""
בבקשה רק רציניים לפנות, הרכב ביבוא אישי לא נמצא בארץ.
זמני אספקה מהירים במיוחד ~~ ליווי צמוד ויחס אישי,
סלקט מוטורס SelectMotors.org יבוא אישי רכבי יוקרה אופנועים ואספנות 
050-5829568",שחור,68100,
מרצדס,2014, S-CLASS,3,אוטומטית,4700,בנזין,,,nan,כפר כנא,249000.0,1,2022-10-12,2022-10-12,"אוטו במצב מצוין ק""מ נמוך &lt;br/&gt;&lt;br/&gt;פירוט:&lt;br/&gt; אוטו שמור מתחיב בבדיקה גיר מנוע ושילדה מפוצצת תוספות צבע מיוחד יפה מאוד",nan,105000,
מרצדס,2022, 300,1,אוטומטית,2000,בנזין,,,nan,עין מאהל,476000.0,1,2022-10-10,2022-10-10,"מרצדס c300 קופה שנת 2022 צבע שחור, ריפוד קאמל, הכל מקורי קנייה בארץ.
יד 01 
ק״מ - 9000 
הדגם הכי מפואר! 
עדיין באחריות
בקיצור רכב מציאה",nan,6000,
מרצדס,2000, 320,3,אוטומטית,3200,בנזין,,,nan,חד,21000.0,1,2022-10-09,2022-10-09,מובילי סוג הרכב ml320,nan,417000,
מרצדס,2015, 180,3,אוטומטית,1600,בנזין,,,טבריה והסביבה,מגאר,100000.0,1,2022-10-03,2022-10-03,None,nan,130000,
מרצדס,2018, GLA,2,אוטומטית,1600,בנזין,,,פתח תקוה והסביבה,פתח תקווה,192000.0,1,2022-09-29,2022-09-29,הרכב במצב חדש.דגם urban GLA 200 עם כל התוספות.חויית נהיגה גג פנורמי.רפודי עור בהירים.טסט לשנה ואחרי טיפול,nan,92000,
מרצדס,2007, 200,4,אוטומטית,2500,בנזין,,,עכו - נהריה,עכו,40000.0,1,2022-09-28,2022-09-28,None,nan,240,
מרצדס,2017, 220,1,אוטומטית,2200,טורבו דיזל,,,רעננה - כפר סבא,רעננה,142000.0,1,2022-09-27,2022-09-27,שמורה מאוד 9 הילוכים &lt;br/&gt;&lt;br/&gt;פירוט:&lt;br/&gt; כל התוספות,nan,220000,
מרצדס,2012, 350,3,אוטומטית,3600,בנזין,,,nan,גת,125000.0,1,2022-09-20,2022-09-20,הרכב שמור מאוד ומטופל היטב ללא תאונות עם ארבע צמיגים חדשים וגאנטים 20,nan,160000,
מרצדס,2020, S-Class,2,אוטומטית,3000,היבריד,פרטית,פרטית,אשדוד - אשקלון,אשדוד,575.0,3,2022-09-19,2022-09-19,"במצב חדש 
טיפולים מסודרים",שחור,77000,
מרצדס,2018, 350,1,אוטומטית,2000,בנזין,,,ירושלים והסביבה,ירושלים,315000.0,1,2022-09-17,2022-09-17,"יד שניה יבוא מגרמניה ללא תאונות &lt;br/&gt;&lt;br/&gt;פירוט:&lt;br/&gt; גג פנורמי ,בלימת פתע אחורה וקדימה,מצלמה 360, תצוגה בחלון,מערכת ווייז ויוטיוב,חימום כיסאות קדימה ואחורה,מערכת לגילו תמרורים ומצלמות מהירות,מערכת שמע בור מאסטר,כניסה ללא מפתח,כסאות חשמל עם זיכרונות,מערכת עזרא בחניה,הקלטה בחנייה אחורה וקדימה,מצלמות דרך אחורה וקדימה.",nan,73000,
מרצדס,2022, CLA,1,אוטומטית,1332,בנזין,,,ירושלים והסביבה,ירושלים,,1,2022-09-15,2022-09-15,None,nan,3500,
מרצדס,2009, E- CLASS,3,אוטומטית,2998,בנזין,,,nan,טמרה,70000.0,1,2022-09-13,2022-09-13,רכב במצב מצויין ללא תאונות,nan,155000,
מרצדס,2020, 300,1,אוטומטית,1991,היברידי,,,נתניה והסביבה,נתניה,399000.0,1,2022-09-06,2022-09-06,"GLC300e 4 MATIC AMG הייהריד !

רכב במצב חדש ! טיפול 25,000 בוצע בחברה !",nan,30000,
מרצדס,2015, C-CLASS קופה,4,אוטומטית,1595,בנזין,,,רמת השרון - הרצליה,הרצליה,115000.0,1,2022-09-05,2022-09-05,"C Coupe 180 שחורה ושמורה בעלת שתי דלתות, גג פנורמי כפול נפתח עד הסוף! שמורה מאד Edition C ריפודי עור אלקנטרה וקיט ספורט. טסט עד יוני 2023 הדגם המפואר ריפודי עור בצבע שחור, עור בדלתות מערכת שמע מקורית כולל חיבור בלוטות׳ מנוע Start/Stop מצב ECO, חסכונית ונוסעת חלום... קילמוטרז נמוך, נהג יחיד בלבד. טיפולים בחלפים מקוריים בלבד, רכב פשוט מפנק במחיר מעולה למרצדס. הזדמנות אמיתית למרצדס שמורה במחיר מציאה &lt;br/&gt;&lt;br/&gt;פירוט:&lt;br/&gt; קיט ספורט, מושבי עור אלקנטרה שחורים, הגה מצופה עור, מערכת שמע מקורית כולל חיבור בלוטות׳",nan,111000,
מרצדס,2020, E-CLASS קופה,1,אוטומטית,1991,בנזין,,,קיסריה והסביבה,קיסריה,490000.0,1,2022-09-05,2022-09-05,ללא תאונות וללא תיקונים. חדש לגמרי. טסט לשנה ולאחר טיפול,nan,22000,
מרצדס,2007, C-CLASS,5,אוטומטית,2158,דיזל,,,מודיעין והסביבה,מודיעין מכבים רעות,12345.0,1,2022-09-01,2022-09-01,"רכב חזק ובטיחותי, יד ראשונה אחרי מונית. אצלי כ-8 שנים !! מטופל ומתוחזק במוסכים מורשי מרצדס בלבד. פנימי וחיצוני במצב מצויין. &lt;br/&gt;&lt;br/&gt;פירוט:&lt;br/&gt; מערכת מולטמדיה משודרגת ( DVD, מצלמת רוורס + אנדררואיד + דיבורית בלותות'). ריפוד פנים בצבע אפור, ג'אנטים משודרגים.",nan,540000,
מרצדס,2021, GLA,2,אוטומטית,1332,בנזין,,,נתניה והסביבה,נתניה,260000.0,1,2022-08-31,2022-08-31,None,nan,26000,
מרצדס,2016, 180,1,אוטומטית,1600,בנזין,,,מושבים בשפלה,סתריה,159000.0,1,2022-08-31,2022-08-31,מצב חדש צמיגים חדשים טסט רכב שני במשפחה. &lt;br/&gt;&lt;br/&gt;פירוט:&lt;br/&gt; צמיגים חדשים טיפולים כל שנה במוסך מורשה של החברה,nan,67000,
מרצדס,2017, E- CLASS,1,אוטומטית,1991,היברידי,,,באר שבע והסביבה,עומר,280000.0,1,2022-08-30,2022-08-30,מרצדס פלאג אין מצויין &lt;br/&gt;&lt;br/&gt;פירוט:&lt;br/&gt; איבזור מלא.,nan,160000,
מרצדס,2022, A-CLASS,1,אוטומטית,2000,בנזין,,,עכו - נהריה,נהריה,,1,2022-08-30,2022-08-30,"‎למכירה מרצדס A220
‎רכב חדש ביבוא מקביל 
‎מסירה מיידית!
‎‏Mercedes Benz A-Class 220 AMG
‎מנוע 2000 4x4 4MATIC
‎118 כ״ס
‎גלגלים 19 אינץ׳
 &lt;br/&gt;&lt;br/&gt;פירוט:&lt;br/&gt; 
‎קיט AMG
‎מושבי עור חשמליים
‎חימום במושבים
‎גג פנורמי נפתח
‎דוושות אלומיניום
‎לוח מכוונים דיגיטלי
‎תאורת אווירה מרובת צבעים 
‎ועוד הרבה תוספות",nan,,
מרצדס,2022, A-CLASS,1,אוטומטית,2000,בנזין,,,עכו - נהריה,נהריה,,1,2022-08-30,2022-08-30,"למכירה מרצדס A220
רכב חדש ביבוא מקביל 
מסירה מיידית!
‏Mercedes Benz A-Class 220 AMG
מנוע 2000 4x4 4MATIC
118 כ״ס
גלגלים 19 אינץ׳ &lt;br/&gt;&lt;br/&gt;פירוט:&lt;br/&gt; קיט AMG
מושבי עור חשמליים
חימום במושבים
גג פנורמי נפתח
דוושות אלומיניום
לוח מכוונים דיגיטלי
תאורת אווירה מרובת צבעים 
ועוד הרבה תוספות",nan,,
מרצדס,2014, 200,2,אוטומטית,2143,דיזל,,,חולון - בת ים,חולון,45500.0,1,2022-08-28,2022-08-28,"מונית לשעבר.
טופל רק במוסך מרצדס 
שמור היטב",nan,246900,
מרצדס,2018, E- CLASS,3,אוטומטית,2000,היברידי,,,עכו - נהריה,נהריה,320000.0,1,2022-08-27,2022-08-27,"רכב plug in במצב חדש ניילון
הכי מושקע והכי יפה בארץ התמונות מדברות 
3 שכבות נאנו
מצלמות 360 
קיסאות קומפורט חשמחי 4 מצבים
חימום קיסאות 
טמבונים Gt brabous 
ק""מ נמוך 65000 
שמור ניילון 
 &lt;br/&gt;&lt;br/&gt;פירוט:&lt;br/&gt; כל התוספות extra",nan,65000,
מרצדס,2015, GLA,2,אוטומטית,1600,בנזין,,,nan,כפר כנא,122000.0,1,2022-08-24,2022-08-24,"מרצדס GLA דגם Style במצב מעולה! ללא תאונות, נקי שמור ומטופל באופן קבוע, נהג יחיד.
 מנוע 1.6 סמ""ק טורבו כ 156כ""ס 119,000 ק״מ נמוך יחסית יד 2 פרטי ,הרכב חדש לחלוטין 4 צמיגים מישלין חדשים וברקסים חדשים, אחרי טיפול וטסט לשנה.הזדמנות!
כולל גג פנורמי נפתח, ריפודי עור בז׳ ותוספות Night Edition מהחברה ! והנעה בכפתור ללא מפתח. גמיש במחיר לרצינים בלבד. &lt;br/&gt;&lt;br/&gt;פירוט:&lt;br/&gt; כולל גג פנורמי נפתח, ריפודי עור בז׳ ותוספות Night Edition מהחברה ! והנעה בכפתור ללא מפתח.",nan,119000,
מרצדס,2020, 300,2,אוטומטית,2000,בנזין,,,גליל ועמקים,נצרת,111111.0,1,2022-08-17,2022-08-17,רכב שמור מטובל בחברה ..,nan,57000,
מרצדס,2020, 300,2,אוטומטית,2000,בנזין,,,גליל ועמקים,נצרת,111111.0,1,2022-08-17,2022-08-17,רכב שמור מטובל בחברה ..,nan,57000,
מרצדס,2010, 220,2,אוטומטית,2143,דיזל,,,אשדוד - אשקלון,אשדוד,10000.0,1,2022-08-16,2022-08-16,"לפירוק 
הכל עובד הכל תקין 
חוץ ממנוע 
מנוע טפוס",nan,494000,
מרצדס,2020, GLA,1,אוטומטית,1300,בנזין,,,קריות,קרית אתא,260000.0,1,2022-08-16,2022-08-16,"מרצדס GLA 200 Premium 
כחדשה
נהג יחיד
טסט לשנה
בוצע טיפול שנתי לפני שבוע במוסך מורשה",nan,20000,
מרצדס,2017, 350,1,אוטומטית,2000,היברידי,,,ירושלים והסביבה,ירושלים,175000.0,1,2022-08-15,2022-08-15,אוטו חדש ונקי אין תיפת צבע על אוטו בלו תעונות,nan,82000,
מרצדס,2005, SLK,8,אוטומטית,3500,בנזין,פרטית,פרטית,ירושלים והסביבה,ירושלים,80000.0,3,2022-08-14,2022-08-14,"רכב מדהים
גג נפתח מלא קשיח
רכב היומיומי שלי",אפור עכבר,250000,
מרצדס,2019, 350,4,אוטומטית,1991,בנזין,,,nan,בועינה נוגידאת,335000.0,1,2022-08-13,2022-08-13,"מרצדס בנץ גרמניה סידן Amg 350 שחור
 בנזין/ חשמל
שמורה ומטופלת בזמן",nan,,
מרצדס,2017, 180,1,אוטומטית,1600,בנזין,,,רמת השרון - הרצליה,הרצליה,172000.0,1,2022-08-05,2022-08-05,"במצב חדש!!! מפואר
24,000 ק״מ
4 צמיגים חדשים",nan,24000,
מרצדס,2011, 63,6,אוטומטית,6200,בנזין,,,nan,נחף,130000.0,1,2022-08-03,2022-08-03,"ML63 AMG , רכב חזק מאוד , 510 כ""ס, ללא תאונות, נהג יחיד מבוגר
מתחייב על הכול, אפשרות החלפה על מרצדס S CLASS &lt;br/&gt;&lt;br/&gt;פירוט:&lt;br/&gt; כל התוספות",nan,170000,
מרצדס,2017, CLA,1,אוטומטית,2000,בנזין,,,באר שבע והסביבה,באר שבע,2400000.0,1,2022-08-03,2022-08-03,"חדש לגמרי , מצב מעולה , מטופל בחברה , שמור מאוד 
קילומטראג׳ נמוך מטוד &lt;br/&gt;&lt;br/&gt;פירוט:&lt;br/&gt; הרכב עם כל התוספות , CLA 250 AMG ספורט , גג פנורמי",nan,48000,
מרצדס,2017, CLA,1,אוטומטית,2000,בנזין,,,באר שבע והסביבה,באר שבע,240000.0,1,2022-07-31,2022-07-31,"רכב במצב מעולה , חדש לגמרי , נהגת יחידה , לא נוסע הרבה , מטופל בחברה , שמור מאוד &lt;br/&gt;&lt;br/&gt;פירוט:&lt;br/&gt; גג פנורמי , כסאות ספורט ,כל התוספות sport CLA 250 AMG",nan,48000,
מרצדס,2011, C-CLASS קופה,2,אוטומטית,1800,בנזין,,,ירושלים והסביבה,ירושלים,75000.0,1,2022-07-26,2022-07-26,רכב נדיר מצב מצויין קמ נמוך רק יד שניה(01)לא בשבת &lt;br/&gt;&lt;br/&gt;פירוט:&lt;br/&gt; גג פנורמי כסאות עור,nan,140000,
מרצדס,2005, SLK,8,אוטומטית,3500,בנזין,,,ירושלים והסביבה,ירושלים,80000.0,1,2022-07-21,2022-07-21,"קבריולט גג נפתח 
רכב מדהים 
נוסע באוטו יומיום &lt;br/&gt;&lt;br/&gt;פירוט:&lt;br/&gt; גג נפתח מלא חשמלי קשיח
חימום בכסאות ועוד מלא",nan,251000,
מרצדס,2020, 300,1,אוטומטית,1991,היברידי,,,nan,ירכא,,1,2022-07-17,2022-07-17,"מצב מעולה ,אין בו סריטות, מטופל בחברה , נהג יחיד, מעט מאוד קילומטר יחסית לגילו ,שקט מאוד ותענוג לנהוג בו. &lt;br/&gt;&lt;br/&gt;פירוט:&lt;br/&gt; עור קאמל , דלתות ואקום , מסכים ועוד.",nan,20000,
מרצדס,2020, 300,1,אוטומטית,2000,בנזין,,,nan,nazareth,380000.0,1,2022-07-17,2022-07-17,"*ציפוי נאנו 
*תיבול בחברה 
*עדיין באחריות
*לרצינים בלבד &lt;br/&gt;&lt;br/&gt;פירוט:&lt;br/&gt; חבילת ""AMG""
כוח סוס 258
עליה לכביש : 1.10
פתיחת ו סגירת דלתות ""חכם""
ספוילר מקורי
גנט ""19""
קניה בארץ
מצלמה +חישניים 360 
גג נפתח",nan,7800,
מרצדס,2020, 180,1,אוטומטית,1300,בנזין,,,נס ציונה - רחובות,נס ציונה,220000.0,1,2022-07-16,2022-07-16,רכב שמור חדש נהג אחד עור אמיתי לבן &lt;br/&gt;&lt;br/&gt;פירוט:&lt;br/&gt; רכב מיוחד שמור הייטב חדש,nan,40000,
מרצדס,2010, 200,1,אוטומטית,2200,טורבו דיזל,,,"ראשל""צ והסביבה",ראשון לציון,,1,2022-07-13,2022-07-13,הרכב במצב מצויין פלוס אחרי טיפול גדול צמיגים וברקסים חדשים מסך מולטימדיה חדש מצלמת רוורס מזגן מקפיא אפילו לא צריך דלק לבוא להתרשם ולקחת לרציניים בלבדד!!! מיכאל 0506859929,nan,410,
מרצדס,2020, GLA,2,אוטומטית,1595,בנזין,,,חולון - בת ים,חולון,214900.0,1,2022-07-11,2022-07-11,"מרצדס GLA Style שחור. הידיים פרטיות. מפואר, ריפודי עור קרם. גג פנורמי נפתח, גלגלי מגנזיום, הנעה בכפתור. הרכב מטופל במוסך מוסדר. עבר טיפול גדול. כמו חדש.",nan,37237,
מרצדס,2015, GLA,3,אוטומטית,1595,בנזין,,,חולון - בת ים,חולון,121500.0,1,2022-07-11,2022-07-11,"מרצדס GLA Style לבן. הידיים פרטיות. מפואר, ריפודי עור קרם. גג פנורמי נפתח, גלגלי מגנזיום, הנעה בכפתור. הרכב מטופל במוסך מוסדר. עבר טיפול גדול. כמו חדש.",nan,157124,
מרצדס,2019, A-CLASS,2,אוטומטית,2000,בנזין,,,רמת גן - גבעתיים,רמת גן,295000.0,1,2022-07-08,2022-07-08,נקי תאונות דגם a35,nan,59000,
מרצדס,2013, 350,4,אוטומטית,3500,בנזין,,,nan,שיח' דנון,170000.0,1,2022-07-04,2022-07-04,"מרצדס cls 350 2013 
טסט לשנה 
ללא תאונות התחייבות בבדיקה 
רכב חדש ומלא תוספות &lt;br/&gt;&lt;br/&gt;פירוט:&lt;br/&gt; כסאות חימום וקירור עם מסאג 
306 כוחות סוס 
רכב מטופל וטסט לשנה מתחייב בבדיקה 
רכב יבוא אישי נקי ומטופל ומושקע , עם כל התוספות האפשריות ל amg",nan,134000,
מרצדס,2019, 300,2,אוטומטית,2000,בנזין,,,נתניה והסביבה,נתניה,430000.0,1,2022-07-01,2022-07-01,מתחייב בבדיקה חדש חדש צמיגים חדשים,nan,47000,
מרצדס,2015, 220,1,אוטומטית,2200,דיזל,,,חיפה וחוף הכרמל,חיפה,70000.0,1,2022-06-30,2022-06-30,"מונית לשעבר.רכב שמור ומטופל ,הוחלף מנוע יש חשבוניות על 30,000 מהחברה.אחרי טיפול גדול הוחלף כל דבר אפשרי . &lt;br/&gt;&lt;br/&gt;פירוט:&lt;br/&gt; גג שחור,ג'נט 18,מסך גדול.
אופצייה ל100% מימון.צ'קים וכרטיסי אשראי.",nan,,
מרצדס,2008, 270,4,אוטומטית,3500,בנזין,,,חולון - בת ים,בת ים,600000.0,1,2022-06-28,2022-06-28,ג'יפ מרצדס מנועה 3500 שמור ‏מתחייב בבדיקה גיר מנוע של דא &lt;br/&gt;&lt;br/&gt;פירוט:&lt;br/&gt; כל התוספות האפשריות גנטים מערכת מידרכות,nan,205000,
מרצדס,2016, GLA,2,אוטומטית,1600,בנזין,,,nan,כאוכב אל-היג'א,142000.0,1,2022-06-26,2022-06-26,במצב טוב,nan,800000,
מרצדס,2016, CLS,2,אוטומטית,3000,דיזל,,,ירושלים והסביבה,ירושלים,230000.0,1,2022-06-14,2022-06-14,"רכב חלומי במצב תצוגה כל התוספות, המודעה מיועדת לאנשים רציניים אם יכולות...",nan,120000,
מרצדס,2013, C-Class Taxi,3,טיפטרוניק,2100,דיזל,פרטית,פרטית,ירושלים והסביבה,מעלה אדומים,35000.0,12,2022-06-12,2022-06-12,"רכב שמור ומטופל ברמת הבורג הכל ברכב כמו חדש 
מוכרים עקב התקדמות ליותר חדשה",לבן שנהב,540,
מרצדס,2018, C-Class,1,טיפטרוניק,2300,דיזל,פרטית,פרטית,זכרון - בנימינה,זכרון יעקב,145000.0,2,2022-06-05,2022-06-06,"רכב במצב מעולה. 
104 אלף קמ 
מצב חדש
מתחייב על הכל",לבן,104000,
מרצדס,2014, S-CLASS,2,טיפטרוניק,,היברידי,,,כרמיאל והסביבה,כרמיאל,270000.0,1,2022-06-02,2022-06-02,רכב נקי קנייה בארץ &lt;br/&gt;&lt;br/&gt;פירוט:&lt;br/&gt; כל התוספות,nan,,
מרצדס,2009, S-Class,4,אוטומטית,1400,בנזין,פרטית,פרטית,רמת גן - גבעתיים,רמת גן,79000.0,5,2022-05-22,2022-05-23,רכב שמור במצב מצויין טיפולים בזמן גג נפתח טסט עד 11/22 גמיש למיהרי החלטה,כסוף,290000,
מרצדס,2018, GLA,2,אוטומטית,1600,בנזין,,,רמת גן - גבעתיים,גבעתיים,184000.0,1,2022-05-10,2022-05-10,"רכב מטופל ושמור! קלימוטראז נמוך! מטופל במוסך מרצדס! &lt;br/&gt;&lt;br/&gt;פירוט:&lt;br/&gt; מדרגות, ציפוי יוקרתי הגנה מפני שירות !",nan,32000,
מרצדס,2017, 350,2,אוטומטית,20000,היברידי,,,חיפה וחוף הכרמל,חיפה,320000.0,1,2022-05-02,2022-05-02,אין מילים רכב מדהים,nan,48000,
מרצדס,2018, E-Class,1,אוטומטית,2000,היבריד,פרטית,פרטית,"ראשל""צ והסביבה",ראשון לציון,300000.0,4,2022-02-26,2022-02-27,"טסט לשנה, צמיגים חדשים ראנפלט, ג'נטים 19 , קיט AMG בפנים ובחוץ, עם המון תוספות , הנעה וכניסה ללא מפתח, גג פנורמי , שמשות כהות, מצלמה 360, מסך קוקפיט ענק. מערכת שמע בורמאסטר, אפל קאר פליי, תצוגה עלית על השמשה, ריפוד עור נאפה שחור, חימום בכסאות, מזגן מפוצל 3 אזורים, קרוז קונטרול אדפטי, מערכות בטיחות אקטיביות, חנייה אוטונומית. בלימה אוטונומית מערכת סטייה מנתיב מושבי עור מלאים ,נהג יחיד, רכב ללא עישון,",שחור,75000,
מרצדס,2017, CE,1,אוטומטית,2000,היבריד,ייבוא אישי,פרטית,רמת גן - גבעתיים,רמת גן,170000.0,3,2022-02-22,2022-02-22,"מצב פצצה,חדש לחלוטין,יבוא אישי",כחול,30000,
מרצדס,2017, S-Class,1,אוטומטית,6000,בנזין,פרטית,פרטית,כרמיאל והסביבה,כרמיאל,760000.0,5,2022-02-17,2022-02-17,"שנת 7/2017
יד00
ק״מ 30000
רמת גימור vision",שחור,30000,
מרצדס,2017, A-Class,4,אוטומטית,2000,בנזין,פרטית,פרטית,nan,טירה,250000.0,8,2022-02-14,2022-02-14,"A45 AMG
Edition 1 
proven-E
רכב שמור מאוד , מדבקה לכל הרכב , אגזוז Fi . Downpipe , סטיג 2 מלא
כיסאות bucket , הגה אלקנטרה",אפור מטאלי,74000,
מרצדס,2021, GT AMG,1,טיפטרוניק,3000,בנזין,אחר,אחר,רעננה - כפר סבא,כפר סבא,779000.0,7,2021-10-18,2022-02-06,"367 כ""ס, מיזוג אוויר אוטומטי
חיישני חניה קדמיים, אחוריים, מערכות היגוי עצמי, מצלמת 360 °
כריות אוויר מלפנים ובצד, בקרת שיוט אדפטיבית
מערכת אזעקה, גלגלי סגסוגת, תאורת אווירה
אנדרואיד אוטו, Apple CarPlay, חימום עזר
בלוטות, נעילה מרכזית, רדיו DAB
מערכת התרעה למרחקים,
התאמת מושב חשמלי, מערכת התראה על עייפות, מנורת ערפל ,הנעה ארבע על ארבע,
ערכה ללא ידיים, תצוגה עילית, מושבים מחוממים, אימובילייזר
הזרמת מוזיקה משולבת, נעילה מרכזית ללא מפתח, מסייע לשינוי נתיב ,הגה מעור, פנסי לד
מושבי עיסוי, הגה רב תכליתי, מערכת ניווט
גג פנורמי, אוורור מושבים
מערכת בקרת הגבלת מהירות, חבילת ספורט
השעיית ספורט, מערכת התחלה-עצירה
מסך מגע, בקרת משיכה, זיהוי תמרורים
יציאת USB,שליטה קולית
בקרת שיוט אדפטיבית.
זמני אספקה מהירים במיוחד ~~ ליווי צמוד ויחס אישי,
SELECTMOTORS.ORG יבוא אישי
050-5829568
*אחריות יבואן רשמי .",לבן מטאלי,7231,
מרצדס,2021, GT AMG,1,אוטומטית,4000,בנזין,פרטית,אחר,רעננה - כפר סבא,כפר סבא,1299000.0,18,2021-09-27,2022-02-06,"Mercedes-Benz AMG GT Roadster Designo,,,קבריולט,,,,כל התוספות,, 
טווין טורבו V8 585 כ""ס,,,לוח מכוונים דיגיטלי מלא חדש !! מסך מולטימדיה חדש !! אגזוזי ספורט !! בקרות שליטה !! כיסאות ספורט חשמליים !! GPS מובנה !! בקרת שיוט אדפטיבית !! חיישני 360 !! מצלמות 360 !! 
מערכות היגוי עצמי,,, עיצוב פנים עור מלא,,,מערכת התרעה למרחקים
מושבי ספורט, חבילת ספורט השעיית ספורט, מערכת התחלה-עצירה ,בקרת משיכה,, חבילת AMG DYNAMIC PLUS,,, 
ריפוד גג designo בצבע מיקרופייבר DINAMICA שחור
,,,, כנף אחורית",שחור,5000,
מרצדס,2009, S-Class,2,אוטומטית,3500,בנזין,פרטית,פרטית,באר שבע והסביבה,קרית גת,95000.0,4,2022-02-06,2022-02-06,"תוספות
				kit s 550",אפור,210000,
מרצדס,2021, E-Class קופה / קבריולט,1,טיפטרוניק,3000,בנזין,פרטית,אחר,רעננה - כפר סבא,כפר סבא,695000.0,24,2021-10-11,2022-02-06,"מיוחדת-- אין את הדגם הזה בארץ, קבריולט, (435 כ""ס) E 53 AMG
תאורת אווירה,פנסי מולטי LED עוקבי פניה,חיישנים היקפיים כולל מצלמות 360,בקרת שיוט אדפטיבית,כיוון הגה חשמלי,שליטה מלאה מההגה כולל מנופי העברת הילוכים, מושבי עור חשמליים כולל חימום וזיכרונות, מפתח חכם לגישה והנעת הרכב,מסך כפול דיגיטלי ,הקרנה על השמשה,מסך טאצ רחב,מערכת שמע יוקרתית ברומאסטר כולל APPLE CAR-PLAY,מגנזיום 20 אינץ,כל מערכות הבטיחות
SELECTMOROS.COM -050-5829568",לבן מטאלי,9900,
מרצדס,2021, S-Class,1,אוטומטית,3000,היבריד,אחר,ייבוא אישי,רעננה - כפר סבא,כפר סבא,1150000.0,12,2021-10-11,2022-02-06,"Mercedes-Benz S 500 Typ 4Matic AMG
מנוע היברידי (435 כ""ס) + כל התוספות
צורה חדשה .!! מושבים חשמליים מאווררים ומחוממים עם זיכרונות, כניסה והנעת ללא מפתח, וילונות חשמליים, מתלי אוויר, מערכת סאונד ברומאסטר, תאורת אווירה 64 צבעים דינאמיים, מצלמות 360 אקטיביות, בקרת שיוט אדפטיבית, זיהוי תמרורים, אורות גבוהים אדפטיביים, וואקום בדלתות, אורות קדמיים זזים, מסך טא""צ רחב 3D,חניה אוטומטית ,גג פנורמי חשמלי כפול, טעינה אלחוטית לטלפון, שליטה מלאה מההגה כולל מנופי עברת הילוכים, מגנזיום 19 אינץ AMG,
יבוא אישי SECMOTORS.ORG 050-5829568",לבן מטאלי,150,
מרצדס,2021, S-Class,1,אוטומטית,4000,היבריד,אחר,אחר,רעננה - כפר סבא,כפר סבא,955000.0,17,2021-09-24,2022-02-06,"SELECT MOTORS יבוא אישי, ישירות מהסוכנות בח""ול, הלקוח ירשם יד ראשונה, S 580 4MATIC ,Platinum Plus ,496-hp 4.0L Twin-Turbo V8 Mild Hybrid, גג פנורמי, כל התוספות האפשריות.",לבן מטאלי,,
מרצדס,2021, GT AMG,1,טיפטרוניק,4000,בנזין,פרטית,ייבוא אישי,רעננה - כפר סבא,כפר סבא,1600000.0,10,2021-10-11,2022-02-06,"מיוחדת במינה----אחת מתוך 750 שיוצרו---AMG GT R PRO --- גג פחמן 
,585 כ""ס---צבע מגנו כחול מבריק---מושבים עור אקסקלוסיבי נאפה / מיקרופייבר דינאמיקה שחור---חבילת חניה, מצלמה קדמית,,
מצלמה אחורית עוזר חניה PARKTRONIC--- עמעום אוטומטי של מראות חיצוניות, מראות חיצוניות מתקפלות חשמלית, חבילת הגנה מפני גניבות , מערכת אזעקה וגניבה, אבטחת פנים, חבילת מסלול עזרה נקודה עיוורת
עוזר לשמירת נתיבים
231 פתיחת דלתות המוסך, עוזר מרחק פעיל DISTRONIC קצב מסלול 
מערכת סראונד 810 בורמסטר, 840 זכוכית כהה מבודדת תרמית, 
 תאורת אווירה, פנסי LED עם ביצועים גבוהים, עוזר קרן אור אדפטיבית
פנים חבילת לילה PAK AMG הגה ביצועים AMG בצבע מיקרופייבר DINAMICA שחור דגמים מיוחדים מרצדס AMG GT R PRO
מערכת בלמים מרוכבים AMG בעלת ביצועים גבוהים,, חבילת מסלול AMG---מערכת פליטת ביצועים AMG
ועוד,,,,,זמני אספקה מהירים במיוחד ~~ ליווי צמוד ויחס אישי, אם כל התוספות האפשריות, SELECTMOTORS.ORG יבוא אישי 050-5829568",כחול,950,
מרצדס,2023, E-Class,4,אוטומטית,2500,בנזין,חברה,פרטית,חולון - בת ים,חולון,86000.0,4,2023-12-09,2023-12-09,"לנקות את קארפקס! מיילים נמוכים במיוחד!!

""המהדורה הסופית, מוגבלת ל-999 יחידות וזמינה בצורות סלון ואחוזה, תהיה ההזדמנות האחרונה שלך לרכוש את ה-V8 בי-טורבו בנפח 604 כ""ס, 4.0 ליטר לפני ההכלאה גורפת פנימה עם ה-Mk6.
כפי שהייתם מצפים, יש כמות מתאימה של עיטור מיוחד כדי להפוך את המכונית לראויה להידרדר אחרון, עם סגסוגות שחורות מזויפות בגודל 20 אינץ', צבע מגנו גרפיט מט, ובנוסף - באדיבות חבילת הלילה של AMG - אלמנטים שונים שחור מבריק הכוללים את החזית מפצל, פסי עיטור, מקיפות חלונות ובית מראה.
צנרת תאומים כרום שחורה הושלכו פנימה, וישנה זכוכית כהה מעמוד ה-b לאחור. סמלי AMG על עמודי ה-c יזכירו למשתמשי כביש אחרים את העליונות הצפויה שלכם במקרה של מירוץ דראג מאולתר.""-Top Gear


*****ניווט*****BLUETOOTH*****מערכת גיבוי******מחיר מקורי 169,930$**מהדורה סופית 1 מתוך 99 (DV8) 56,113$****ביצועי סדאן מדהימים** סיבי AMG סיבי פחמן $2,850**מיוצר כותרות מיקרופייבר שחורות $1,600**גג PAMORAMA $1,000**גלגל הגה AMG בעור NAPPA/ALCANTARA $500**מגן חלונות אחורי כוח $440",אפור,6351,
מרצדס,2023, E-Class,4,אוטומטית,2500,בנזין,חברה,פרטית,תל אביב,תל אביב יפו,86000.0,4,2023-12-09,2023-12-09,"לנקות את קארפקס! מיילים נמוכים במיוחד!!

""המהדורה הסופית, מוגבלת ל-999 יחידות וזמינה בצורות סלון ואחוזה, תהיה ההזדמנות האחרונה שלך לרכוש את ה-V8 בי-טורבו בנפח 604 כ""ס, 4.0 ליטר לפני ההכלאה גורפת פנימה עם ה-Mk6.
כפי שהייתם מצפים, יש כמות מתאימה של עיטור מיוחד כדי להפוך את המכונית לראויה להידרדר אחרון, עם סגסוגות שחורות מזויפות בגודל 20 אינץ', צבע מגנו גרפיט מט, ובנוסף - באדיבות חבילת הלילה של AMG - אלמנטים שונים שחור מבריק הכוללים את החזית מפצל, פסי עיטור, מקיפות חלונות ובית מראה.
צנרת תאומים כרום שחורה הושלכו פנימה, וישנה זכוכית כהה מעמוד ה-b לאחור. סמלי AMG על עמודי ה-c יזכירו למשתמשי כביש אחרים את העליונות הצפויה שלכם במקרה של מירוץ דראג מאולתר.""-Top Gear


*****ניווט*****BLUETOOTH*****מערכת גיבוי******מחיר מקורי 169,930$**מהדורה סופית 1 מתוך 99 (DV8) 56,113$****ביצועי סדאן מדהימים** סיבי AMG סיבי פחמן $2,850**מיוצר כותרות מיקרופייבר שחורות $1,600**גג PAMORAMA $1,000**גלגל הגה AMG בעור NAPPA/ALCANTARA $500**מגן חלונות אחורי כוח $440",אפור,6351,
מרצדס,2023, E-Class,4,אוטומטית,2500,בנזין,חברה,פרטית,אשדוד - אשקלון,אשדוד,86000.0,4,2023-12-09,2023-12-09,"לנקות את קארפקס! מיילים נמוכים במיוחד!!

""המהדורה הסופית, מוגבלת ל-999 יחידות וזמינה בצורות סלון ואחוזה, תהיה ההזדמנות האחרונה שלך לרכוש את ה-V8 בי-טורבו בנפח 604 כ""ס, 4.0 ליטר לפני ההכלאה גורפת פנימה עם ה-Mk6.
כפי שהייתם מצפים, יש כמות מתאימה של עיטור מיוחד כדי להפוך את המכונית לראויה להידרדר אחרון, עם סגסוגות שחורות מזויפות בגודל 20 אינץ', צבע מגנו גרפיט מט, ובנוסף - באדיבות חבילת הלילה של AMG - אלמנטים שונים שחור מבריק הכוללים את החזית מפצל, פסי עיטור, מקיפות חלונות ובית מראה.
צנרת תאומים כרום שחורה הושלכו פנימה, וישנה זכוכית כהה מעמוד ה-b לאחור. סמלי AMG על עמודי ה-c יזכירו למשתמשי כביש אחרים את העליונות הצפויה שלכם במקרה של מירוץ דראג מאולתר.""-Top Gear


*****ניווט*****BLUETOOTH*****מערכת גיבוי******מחיר מקורי 169,930$**מהדורה סופית 1 מתוך 99 (DV8) 56,113$****ביצועי סדאן מדהימים** סיבי AMG סיבי פחמן $2,850**מיוצר כותרות מיקרופייבר שחורות $1,600**גג PAMORAMA $1,000**גלגל הגה AMG בעור NAPPA/ALCANTARA $500**מגן חלונות אחורי כוח $440",אפור,6351,
מרצדס,2023, E-Class,4,אוטומטית,2500,בנזין,חברה,פרטית,ירושלים והסביבה,ירושלים,86000.0,4,2023-12-09,2023-12-09,"לנקות את קארפקס! מיילים נמוכים במיוחד!!

""המהדורה הסופית, מוגבלת ל-999 יחידות וזמינה בצורות סלון ואחוזה, תהיה ההזדמנות האחרונה שלך לרכוש את ה-V8 בי-טורבו בנפח 604 כ""ס, 4.0 ליטר לפני ההכלאה גורפת פנימה עם ה-Mk6.
כפי שהייתם מצפים, יש כמות מתאימה של עיטור מיוחד כדי להפוך את המכונית לראויה להידרדר אחרון, עם סגסוגות שחורות מזויפות בגודל 20 אינץ', צבע מגנו גרפיט מט, ובנוסף - באדיבות חבילת הלילה של AMG - אלמנטים שונים שחור מבריק הכוללים את החזית מפצל, פסי עיטור, מקיפות חלונות ובית מראה.
צנרת תאומים כרום שחורה הושלכו פנימה, וישנה זכוכית כהה מעמוד ה-b לאחור. סמלי AMG על עמודי ה-c יזכירו למשתמשי כביש אחרים את העליונות הצפויה שלכם במקרה של מירוץ דראג מאולתר.""-Top Gear


*****ניווט*****BLUETOOTH*****מערכת גיבוי******מחיר מקורי 169,930$**מהדורה סופית 1 מתוך 99 (DV8) 56,113$****ביצועי סדאן מדהימים** סיבי AMG סיבי פחמן $2,850**מיוצר כותרות מיקרופייבר שחורות $1,600**גג PAMORAMA $1,000**גלגל הגה AMG בעור NAPPA/ALCANTARA $500**מגן חלונות אחורי כוח $440",אפור,6351,
מרצדס,2019, E-Class,4,אוטומטית,2500,בנזין,חברה,פרטית,נתניה והסביבה,נתניה,86000.0,4,2023-12-09,2023-12-09,"לנקות את קארפקס! מיילים נמוכים במיוחד!!

""המהדורה הסופית, מוגבלת ל-999 יחידות וזמינה בצורות סלון ואחוזה, תהיה ההזדמנות האחרונה שלך לרכוש את ה-V8 בי-טורבו בנפח 604 כ""ס, 4.0 ליטר לפני ההכלאה גורפת פנימה עם ה-Mk6.
כפי שהייתם מצפים, יש כמות מתאימה של עיטור מיוחד כדי להפוך את המכונית לראויה להידרדר אחרון, עם סגסוגות שחורות מזויפות בגודל 20 אינץ', צבע מגנו גרפיט מט, ובנוסף - באדיבות חבילת הלילה של AMG - אלמנטים שונים שחור מבריק הכוללים את החזית מפצל, פסי עיטור, מקיפות חלונות ובית מראה.
צנרת תאומים כרום שחורה הושלכו פנימה, וישנה זכוכית כהה מעמוד ה-b לאחור. סמלי AMG על עמודי ה-c יזכירו למשתמשי כביש אחרים את העליונות הצפויה שלכם במקרה של מירוץ דראג מאולתר.""-Top Gear


*****ניווט*****BLUETOOTH*****מערכת גיבוי******מחיר מקורי 169,930$**מהדורה סופית 1 מתוך 99 (DV8) 56,113$****ביצועי סדאן מדהימים** סיבי AMG סיבי פחמן $2,850**מיוצר כותרות מיקרופייבר שחורות $1,600**גג PAMORAMA $1,000**גלגל הגה AMG בעור NAPPA/ALCANTARA $500**מגן חלונות אחורי כוח $440",אפור,6351,
מרצדס,2018, E-Class קופה / קבריולט,3,אוטומטית,2000,בנזין,פרטית,פרטית,nan,עראבה,355000.0,5,2022-01-19,2022-01-19,"רכב שמור מאווד ק""מ נמוך 29000 בלבד ללא תיקון צבע התחייבות מלאה בבדיקה",לבן מטאלי,29000,
מרצדס,2021, S-Class,1,טיפטרוניק,4000,היבריד,פרטית,אחר,רעננה - כפר סבא,כפר סבא,1100000.0,20,2021-10-15,2022-01-16,", S 580 4MATIC ,Platinum Plus ,496-hp
4.0L Twin-Turbo V8 Mild Hybrid גג פנורמי כפול,
מושב נהג עם 14 כיוונים
מושב נוסעים 14 כיוונים
2 מסכי LCD מלפנים
מצלמת גיבוי בתצוגה מקיפה 360
ABS ובקרת משיכה
Active Blind Spot
סיוע בלמים פעיל עם בלימת חירום אוטונומית
אזהרת יציאה מנתיב Active Keeping Assist
עוזרת שמירה על נתיב פעיל מסייעת לשמירה על נתיבים
מושבים מרובי קווים פעילים
חיישני חניה אוטומטיים Active Assist Assist
מערכת מצלמות אוויר
חיישן תפוסת כריות אוויר
אנדרואיד אוטו
Apple CarPlay
אוטומטי w / בקרת נהג מתכוונן אוטומטי w / נהג בקרת רכיבה
מערכת BURMESTER HIGH END 4D SURROUND SOUND
Bluetooth אלחוטי Ph
ועוד ועוד ועוד<<<",אפור מטאלי,1760,
מרצדס,2005, E-Class,9,אוטומטית,2600,בנזין,פרטית,פרטית,גליל ועמקים,ריינה,1000000.0,5,2021-12-13,2021-12-13,None,כסף מטלי,280000,
מרצדס,2021, CLA,1,אוטומטית,1300,היבריד,פרטית,פרטית,נתניה והסביבה,נתניה,344900.0,5,2021-12-13,2021-12-13,"רכב מעולה, מהדורה ודגם בעיצוב יחיד ומיוחד בארץ. 
עם תוספות רבות של מעל 50 אלף ש""ח: מערכות מתקדמות של ביצועים, בטיחות, בידור ונוחות (יפורט בטלפון), Night package, צבע מיוחד לבן מטאלי, חישוקים 19 אינץ' מולטיספוק בלק AMG), כסא חשמלי עם זיכרון, חבילת ניווט, מערכת סאונד ועוד. 
רכב פלאג-אין, 160 כ""ס בשילוב עם חשמל מגיע ל260 כ""ס, 6.3 ש' מ0-100. 
נהג יחיד, הקונה ירשם 01, נא לא להתקשר בשבת. 
לרציניים בלבד!",לבן מטאלי,19000,
מרצדס,2011, E-Class,3,אוטומטית,3000,בנזין,פרטית,פרטית,גליל ועמקים,נצרת,1.0,5,2021-10-06,2021-10-09,None,כסוף מטאלי,118000,
מרצדס,2018, C-Class,1,אוטומטית,2300,דיזל,פרטית,פרטית,חדרה וישובי עמק חפר,חדרה,130000.0,,2023-09-26,2023-09-26,None,לבן,120000,
מרצדס,2022, E-Class,1,טיפטרוניק,3000,בנזין,אחר,אחר,רעננה - כפר סבא,כפר סבא,765000.0,16,2022-05-27,2022-10-13,"2022 Mercedes-Benz AMG E 53 4MATIC** חדש* 430 כ""ס** (ביבוא)selectmotors.org
**רכב חדש**הלקוח ירשם יד 00**
מנוע: 
3.0L I6 24V GDI DOHC Turbo
430 כ""ס
גיר: 
9-Speed Automatic-הנעה כפולה 4X4
מושבים מחוממים**מערכת ניווט**
**מערכת שמ פרימיום Apple CarPlay/Android 
גג פנורמי**
סיוע בלימה**בקרת יציבות**מושב זיכרון
כניסה ללא מפתח, התנעה ללא מפתח, פנסי LED, חישוקי סגסוגת, יציאת USB, בלוטות', חיישני מרחק חניה, מצלמת גיבוי, סיוע בחניה, בלימת חירום אוטומטית, צג נקודה עיוורת, מערכת אזהרת התנגשות, היגוי דינמי, צג נהג
**ועוד תוספות רבות**
רישיון יבואן מקביל , וכן רישיון תיווך יבוא אישי מטעם משרד התחבורה, כ""כ חתימת הסכם .
בבקשה רק רציניים לפנות, הרכב ביבוא לא נמצא בארץ.
זמני אספקה מהירים במיוחד ~~ ליווי צמוד ויחס אישי,
סלקט מוטורס יבוא מקביל ואישי רכבי יוקרה אופנועים ואספנות 
SelectMotors.org
050-5829568 
Toy's for the big boy's",לבן,232,
מרצדס,2022, E-Class,1,אוטומטית,1900,בנזין,אחר,פרטית,nan,טירה,460000.0,5,2022-07-17,2022-07-17,"רכב שמור מאוד , נהגת יחידה , גמיש במחיר",אפור מטאלי,17000,
מרצדס,2013, V- CLASS,3,טיפטרוניק,3000,טורבו דיזל,,,ירושלים והסביבה,מבשרת ציון,90000.0,,2022-10-18,2022-10-18,9 מקומות מפואר לאחר טיפול 4 פנסים חדשים &lt;br/&gt;&lt;br/&gt;פירוט:&lt;br/&gt; דלת הזזה חשמלית,nan,330000,
מרצדס,2014, E- CLASS,2,אוטומטית,2000,בנזין,,,גליל ועמקים,נצרת עילית,12000.0,,2022-10-17,2022-10-17,רכב שמור ומטופל &lt;br/&gt;&lt;br/&gt;פירוט:&lt;br/&gt; אחרי צבע כללי לרכב שריטות,nan,111562,
מרצדס,2019, 180,1,אוטומטית,1600,בנזין,,,nan,כפר יסיף,199000.0,,2022-10-13,2022-10-13,"רכב שמור מאד
אין לו תיקון צבע &lt;br/&gt;&lt;br/&gt;פירוט:&lt;br/&gt; גג פנורמי",nan,59000,
מרצדס,2017, 220,1,אוטומטית,2200,טורבו דיזל,,,רעננה - כפר סבא,רעננה,148000.0,,2022-09-25,2022-09-25,מושקעת ושמורה מאוד &lt;br/&gt;&lt;br/&gt;פירוט:&lt;br/&gt; פול תוספות ! הקודם זוכה,nan,220000,
מרצדס,2011, 200,3,אוטומטית,2200,טורבו דיזל,,,קריות,קרית מוצקין,50000.0,,2022-09-05,2022-09-05,"רכב במצב מעולה,מנוע חדש .יש קבלות ושטר מכר. רכב שמור,רכב מנהלים",nan,40000,
מרצדס,2010, S-CLASS,1,אוטומטית,3500,בנזין,,,פרדס חנה - כרכור,פרדס חנה כרכור,110000.0,,2022-09-05,2022-09-05,"בס""ד. רכב מנהלים אינוור גרד, לונג . בונבוניירה מטופחת שמורה .טסט לשנה .חמישה צמיגים חדשים ,מצבר חדש ,מערכות התראה גילוי וזיהוי מצילי חיים ומונע תאונות ,מערכות התראה לווייניות ,הגה עץ מהגוני חדש ,מטופל במקצועיות ..לנהנתנים .ולרציניים ,ואין הנחות ..פוטין נוסע בדגם הזה.. &lt;br/&gt;&lt;br/&gt;פירוט:&lt;br/&gt; בס""ד רדיו דיסקים יוקרתי .מכשור אלקטרוני למעקב לווייני נגד גניבות גם לגדה.. מערכת הגבהה אוטומטית לארבע תושבות הגלגלים מערכות צילום אחורי קדמי וצדדי משוכלל .ועוד רכב .מפנק ...",nan,156,
מרצדס,2013, E- CLASS,2,אוטומטית,1800,בנזין,,,גליל ועמקים,נצרת,100000.0,,2022-09-02,2022-09-02,None,nan,60000,
מרצדס,2016, C-CLASS,2,אוטומטית,2000,בנזין,,,ירושלים והסביבה,ירושלים,165555.0,,2022-09-01,2022-09-01,"דגם אווגרד האוטו כמו חדש 
ריפודים בצבע בז",nan,87000,
מרצדס,2015, C-CLASS,3,אוטומטית,1500,בנזין,,,nan,kfar yassif,130000.0,,2022-08-14,2022-08-14,רכב שמור מטופל בזמן &lt;br/&gt;&lt;br/&gt;פירוט:&lt;br/&gt; VISION,nan,113000,
מרצדס,2011, E- CLASS,4,אוטומטית,1800,בנזין,,,nan,נווה צדק,,,2022-08-12,2022-08-12,רכב נקי ללא תאונות . עם התחיבות. מכות פח קטנות שתוקנו כמו בכל רכב. &lt;br/&gt;&lt;br/&gt;פירוט:&lt;br/&gt; מערכת שמע משודרגת מהסטנדרת .מקורי מרצדס .,nan,100000,
מרצדס,2017, 500,2,אוטומטית,2143,טורבו דיזל,,,nan,עיר הכרמל,,,2022-08-11,2022-08-11,"מרצדס 516 שמורה נהג יחיד עם 230.00 ק""מ ומעלון להסעת כסא גלגלים ו 13 נוסעים עם טסט לשנה",nan,240,
מרצדס,2011, 250,4,אוטומטית,1800,בנזין,,,nan,נווה צדק,,,2022-08-08,2022-08-08,רכב מטופל ללא תאונות שילדה ומרכב שמור לחלוטין לרצינים בלבד. &lt;br/&gt;&lt;br/&gt;פירוט:&lt;br/&gt; מערכרת שמע משודרגד. מרצדס מקורי.,nan,100000,
מרצדס,2012, 350,3,אוטומטית,3498,בנזין,,,אשדוד - אשקלון,אשדוד,112000.0,,2022-08-05,2022-08-05,רכב מטופל ונקי . &lt;br/&gt;&lt;br/&gt;פירוט:&lt;br/&gt; 37,nan,22000,
מרצדס,2019, CLA,2,אוטומטית,1595,בנזין,,,חיפה וחוף הכרמל,דאלית אל כרמל,165000.0,,2022-07-23,2022-07-23,"רכב ספורט קופה שמור עם קילומטראז' נמוך מטופל במוסך מורשה למירצידס ושמור בקנאות &lt;br/&gt;&lt;br/&gt;פירוט:&lt;br/&gt; גג נפתח, מפתיח חכם, מערכת זיהוי הולכי רגל....., מצלמה אחורית ועוד...",nan,42000,
מרצדס,2002, 220,3,אוטומטית,3200,בנזין,,,בית שמש והסביבה,בית שמש,21000.0,,2022-07-15,2022-07-15,"רכב מושלם שמור בצורה קיצונית. כן קיצונית! כל העור ברכב שמור כל הכפתורים עובדים. 3 בולמים חדשים 
מאוורר חדש ידית גיר חדשה. משאבת אוויר מרצדס חדשה קירור מים חדש ועוד… &lt;br/&gt;&lt;br/&gt;פירוט:&lt;br/&gt; צריך לטפל 
*גג 
*בולם קידמי צד שמאל תקין אבל מומלץ להחליף",nan,299,
מרצדס,2018, C-Class Taxi,1,טיפטרוניק,2200,דיזל,פרטית,פרטית,קיסריה והסביבה,קיסריה,135000.0,,2022-07-11,2022-07-11,"רכב במצב חדש !! 
מטופל בחברה אחריות מורחבת התחייבות על הכל !",לבן,102000,
מרצדס,2014, 250,1,אוטומטית,2000,בנזין,,,טבריה והסביבה,מגאר,180000.0,,2022-06-30,2022-06-30,None,nan,85,
מרצדס,2011, 200,3,אוטומטית,2200,דיזל,,,קריות,קרית מוצקין,45000.0,,2022-06-28,2022-06-28,"רכב שמור במיוחד. מונית לשעבר. הוחלף מנוע עם שטר מכר . נסע כ 160,000 אחרי החלפת מנוע נפח מנוע 2200 טורבו",nan,160000,
מרצדס,2005, 200,3,אוטומטית,2500,טורבו דיזל,,,גליל ועמקים,חצור הגלילית,17000.0,,2022-06-21,2022-06-21,"בס""ד
מרצדס C-200 גיר אוטומט, מזגן, שמורה 
לא בשבת",nan,,
